[
    {
        "id": 1,
        "name": "Alice",
        "age": 25,
        "city": "New York"
    },
    {
        "id": 2,
        "name": "Bob",
        "age": 30,
        "city": "Los Angeles"
    },
    {
        "id": 3,
        "name": "Charlie",
        "age": 28,
        "city": "Chicago"
    },
    {
        "id": 4,
        "name": "Diana",
        "age": 22,
        "city": "Miami"
    },
    {
        "id": 5,
        "name": "Evan",
        "age": 35,
        "city": "Seattle"
    }
]
